Region,Units Sold,Holiday/Promotion,Discount,Competitor Pricing,month,Cluster
East,136.86113684669465,0.5000817483241593,10.040601667665813,55.18753828546515,12,1
North,136.32685977616853,0.4955014263770024,10.014263770024138,55.34142582839588,12,0
South,137.06066568289884,0.494944526425097,9.9918019347434,55.02865059845876,12,1
West,135.6058378141117,0.49868319982442666,9.991221332162844,55.02685120158016,12,2
